{
  "ammo": "tacz:338",
  "ammo_amount": 4,
  "extended_mag_ammo_amount": [
    5,
    6,
    7
  ],
  "bolt": "manual_action",
  "rpm": 75,
  "bullet": {
    "life": 0.5,
    "bullet_amount": 1,
    "damage": 12,
    "tracer_count_interval": 0,
    "extra_damage": {
      "head_shot_multiplier": 1.5,
      "damage_adjust": [
        {"distance": 10.0, "damage": 6.00},
        {"distance": 20.0, "damage": 7.20},
        {"distance": 30.0, "damage": 8.40},
        {"distance": 40.0, "damage": 9.60},
        {"distance": 50.0, "damage": 10.80},
        {"distance": "infinite", "damage": 12.00}
      ]
    },
    "speed": 200,
    "gravity": 0.0245,
    "knockback": 0,
    "friction": 0.012,
    "ignite": false,
    "pierce": 1
  },
  "reload": {
    "type": "magazine",
    "feed": {
      "empty": 2.85,
      "tactical": 2.05
    },
    "cooldown": {
      "empty": 3.25,
      "tactical": 2.25
    }
  },
  "draw_time": 0.35,
  "put_away_time": 0.75,
  "aim_time": 0.25,
  "sprint_time": 0.2,
  "bolt_action_time": 0.9,
  "fire_mode": [
    "semi"
  ],
  "recoil": {
    "pitch": [
      {"time": 0, "value": [2.2, 2.2]},
      {"time": 0.32, "value": [2.2, 2.2]},
      {"time": 0.57, "value": [-0.5, -0.5]},
      {"time": 0.82, "value": [0.25, 0.25]},
      {"time": 1.17, "value": [0, 0]},
      {"time": 1.47, "value": [0, 0]}
    ],
    "yaw": [
      {"time": 0, "value": [-0.6, -0.5]},
      {"time": 0.32, "value": [-0.6, -0.5]},
      {"time": 0.57, "value": [0, 0]}
    ]
  },
  "inaccuracy": {
    "stand": 5,
    "move": 10,
    "sneak": 2,
    "lie": 1,
    "aim": 0
  },
  "allow_attachment_types": [
    "extended_mag",
    "scope"
  ]
}