{
  "ammo": "tacz:45acp",
  "rpm": 450,
  "bullet": {
    "life": 0.25,
    "bullet_amount": 1,
    "damage": 2,
    "tracer_count_interval": 0,
    "extra_damage": {
      "head_shot_multiplier": 1.15,
      "damage_adjust": [
        {"distance": 12.5, "damage": 2.00},
        {"distance": 15.0, "damage": 1.80},
        {"distance": 17.5, "damage": 1.60},
        {"distance": 20.0, "damage": 1.40},
        {"distance": 22.5, "damage": 1.20},
        {"distance": "infinite", "damage": 1.00}
      ]
    },
    "speed": 100,
    "gravity": 0.0245,
    "knockback": 0.05,
    "friction": 0.012,
    "ignite": false,
    "pierce": 1
  },
  "ammo_amount": 20,
  "bolt": "closed_bolt",
  "reload": {
    "type": "magazine",
    "feed": {
      "empty": 1.63,
      "tactical": 1.05
    },
    "cooldown": {
      "empty": 1.88,
      "tactical": 1.5
    }
  },
  "draw_time": 0.32,
  "put_away_time": 0.35,
  "aim_time": 0.17,
  "sprint_time": 0.2,
  "fire_mode": [
    "semi"
  ],
  "recoil": {
    "pitch": [
      {"time": 0, "value": [1.0, 1.0]},
      {"time": 0.26, "value": [0, 0]}
    ],
    "yaw": [
      {"time": 0, "value": [0.3, 0.3]},
      {"time": 0.26, "value": [0, 0]}
    ]
  },
  "inaccuracy": {
    "stand": 1.25,
    "move": 2.5,
    "sneak": 0.5,
    "lie": 0.25,
    "aim": 0
  }
}