{
  "ammo": "tacz:556x45",
  "ammo_amount": 60,
  "bolt": "open_bolt",
  "rpm": 560,
  "bullet": {
    "life": 0.4,
    "bullet_amount": 1,
    "damage": 2.4,
    "tracer_count_interval": 0,
    "extra_damage": {
      "head_shot_multiplier": 1.25,
      "damage_adjust": [
        {"distance": 32.0, "damage": 2.40},
        {"distance": 38.4, "damage": 2.16},
        {"distance": 44.8, "damage": 1.92},
        {"distance": 51.2, "damage": 1.68},
        {"distance": 57.6, "damage": 1.44},
        {"distance": "infinite", "damage": 1.20}
      ]
    },
    "speed": 160,
    "gravity": 0.0245,
    "knockback": 0.05,
    "friction": 0.01,
    "ignite": false,
    "pierce": 1
  },
  "reload": {
    "type": "magazine",
    "feed": {
      "empty": 6.4,
      "tactical": 4.7
    },
    "cooldown": {
      "empty": 7.57,
      "tactical": 5.9
    }
  },
  "draw_time": 1,
  "put_away_time": 0.67,
  "aim_time": 0.3,
  "sprint_time": 0.2,
  "fire_mode": [
    "auto"
  ],
  "recoil": {
    "pitch": [
      {"time": 0, "value": [0.5, 0.5]},
      {"time": 0.24, "value": [0, 0]}
    ],
    "yaw": [
      {"time": 0, "value": [0.15, 0.15]},
      {"time": 0.24, "value": [0, 0]}
    ]
  },
  "inaccuracy": {
    "stand": 0.6,
    "move": 1.2,
    "sneak": 0.24,
    "lie": 0.12,
    "aim": 0
  },
  "allow_attachment_types": [
    "scope"
  ],
  "exclusive_attachments": {
  }
}