{
  "ammo": "tacz:762x39",
  "ammo_amount": 25,
  "extended_mag_ammo_amount": [
    29,
    33,
    37
  ],
  "bolt": "closed_bolt",
  "rpm": 480,
  "bullet": {
    "life": 0.4,
    "bullet_amount": 1,
    "damage": 2.5,
    "tracer_count_interval": 0,
    "extra_damage": {
      "head_shot_multiplier": 1.25,
      "damage_adjust": [
        {"distance": 32.0, "damage": 2.50},
        {"distance": 38.4, "damage": 2.25},
        {"distance": 44.8, "damage": 2.00},
        {"distance": 51.2, "damage": 1.75},
        {"distance": 57.6, "damage": 1.50},
        {"distance": "infinite", "damage": 1.25}
      ]
    },
    "speed": 160,
    "gravity": 0.0245,
    "knockback": 0,
    "friction": 0.01,
    "ignite": false,
    "pierce": 1
  },
  "reload": {
    "type": "magazine",
    "feed": {
      "empty": 1.87,
      "tactical": 1.40
    },
    "cooldown": {
      "empty": 2.2,
      "tactical": 1.87
    }
  },
  "draw_time": 0.3,
  "put_away_time": 0.43,
  "aim_time": 0.2,
  "sprint_time": 0.2,
  "fire_mode": [
    "auto"
  ],
  "recoil": {
    "pitch": [
      {"time": 0, "value": [1.0, 1.0]},
      {"time": 0.25, "value": [0, 0]}
    ],
    "yaw": [
      {"time": 0, "value": [0.3, 0.3]},
      {"time": 0.25, "value": [0, 0]}
    ]
  },
  "inaccuracy": {
    "stand": 2.5,
    "move": 5,
    "sneak": 1,
    "lie": 0.5,
    "aim": 0
  },
  "allow_attachment_types": [
    "scope",
    "stock",
    "muzzle",
    "extended_mag"
  ]
}