{
  "ammo": "tacz:50bmg",
  "ammo_amount": 4,
  "bolt": "manual_action",
  "rpm": 30,
  "bullet": {
    "life": 0.5,
    "bullet_amount": 1,
    "damage": 20,
    "tracer_count_interval": 0,
    "extra_damage": {
      "head_shot_multiplier": 1.75,
      "damage_adjust": [
        {"distance": 10.0, "damage": 10},
        {"distance": 20.0, "damage": 12},
        {"distance": 30.0, "damage": 14},
        {"distance": 40.0, "damage": 16},
        {"distance": 50.0, "damage": 18},
        {"distance": "infinite", "damage": 20}
      ]
    },
    "speed": 160,
    "gravity": 0.0245,
    "knockback": 0.05,
    "friction": 0.012,
    "ignite": false,
    "pierce": 3
  },
  "reload": {
    "type": "magazine",
    "feed": {
      "empty": 4.93,
      "tactical": 2.8
    },
    "cooldown": {
      "empty": 5.23,
      "tactical": 4.07
    }
  },
  "draw_time": 1.03,
  "put_away_time": 0.87,
  "aim_time": 0.27,
  "sprint_time": 0.2,
  "bolt_action_time": 1.43,
  "fire_mode": [
    "semi"
  ],
  "recoil": {
    "pitch": [
      {"time": 0, "value": [4.5, 4.5]},
      {"time": 0.32, "value": [4.5, 4.5]},
      {"time": 0.57, "value": [-0.5, -0.5]},
      {"time": 0.82, "value": [0.25, 0.25]},
      {"time": 1.17, "value": [0, 0]},
      {"time": 1.47, "value": [0, 0]}
    ],
    "yaw": [
      {"time": 0, "value": [-0.9, -0.75]},
      {"time": 0.32, "value": [-0.9, -0.75]},
      {"time": 0.57, "value": [0, 0]}
    ]
  },
  "inaccuracy": {
    "stand": 5,
    "move": 10,
    "sneak": 2,
    "lie": 1,
    "aim": 0
  },
  "allow_attachment_types": [
    "scope"
  ]
}