{
  "ammo": "tacz:338",
  "ammo_amount": 6,
  "extended_mag_ammo_amount": [
    8,
    10,
    12
  ],
  "bolt": "closed_bolt",
  "rpm": 67,
  "bullet": {
    "life": 0.5,
    "bullet_amount": 1,
    "damage": 9,
    "tracer_count_interval": 0,
    "extra_damage": {
      "head_shot_multiplier": 1.5,
      "damage_adjust": [
        {"distance": 10.0, "damage": 4.50},
        {"distance": 20.0, "damage": 5.40},
        {"distance": 30.0, "damage": 6.30},
        {"distance": 40.0, "damage": 7.20},
        {"distance": 50.0, "damage": 8.10},
        {"distance": "infinite", "damage": 9.00}
      ]
    },
    "speed": 200,
    "gravity": 0.025,
    "knockback": 0,
    "friction": 0.01,
    "ignite": false,
    "pierce": 1
  },
  "reload": {
    "type": "magazine",
    "feed": {
      "empty": 2.05,
      "tactical": 1.2
    },
    "cooldown": {
      "empty": 2.53,
      "tactical": 2.03
    }
  },
  "draw_time": 0.43,
  "put_away_time": 0.43,
  "aim_time": 0.21,
  "sprint_time": 0.2,
  "fire_mode": [
    "semi"
  ],
  "recoil": {
    "pitch": [
      {"time": 0, "value": [1.0, 1.0]},
      {"time": 0.25, "value": [1.0, 1.0]},
      {"time": 0.45, "value": [-0.2, -0.2]},
      {"time": 0.6, "value": [0, 0]},
      {"time": 0.7, "value": [0, 0]}
    ],
    "yaw": [
      {"time": 0, "value": [-0.3, 0.1]},
      {"time": 0.35, "value": [-0.3, 0.1]},
      {"time": 0.5, "value": [0, 0]}
    ]
  },
  "inaccuracy": {
    "stand": 5,
    "move": 10,
    "sneak": 2,
    "lie": 1,
    "aim": 0
  },
  "allow_attachment_types": [
    "extended_mag",
    "scope"
  ]
}