{
  "ammo": "tacz:9mm",
  "rpm": 750,
  "bullet": {
    "life": 0.25,
    "bullet_amount": 1,
    "damage": 2,
    "tracer_count_interval": 0,
    "extra_damage": {
      "head_shot_multiplier": 1.15,
      "damage_adjust": [
        {"distance": 12.5, "damage": 2.00},
        {"distance": 15.0, "damage": 1.80},
        {"distance": 17.5, "damage": 1.60},
        {"distance": 20.0, "damage": 1.40},
        {"distance": 22.5, "damage": 1.20},
        {"distance": "infinite", "damage": 1.00}
      ]
    },
    "speed": 100,
    "gravity": 0.0245,
    "knockback": 0.05,
    "friction": 0.012,
    "ignite": false,
    "pierce": 1
  },
  "ammo_amount": 26,
  "extended_mag_ammo_amount": [
    30,
    34,
    38
  ],
  "bolt": "closed_bolt",
  "reload": {
    "type": "magazine",
    "feed": {
      "empty": 2.03,
      "tactical": 1.67
    },
    "cooldown": {
      "empty": 2.47,
      "tactical": 2.2
    }
  },
  "draw_time": 0.37,
  "put_away_time": 0.27,
  "sprint_time": 0.2,
  "aim_time": 0.1,
  "fire_mode": [
    "auto"
  ],
  "allow_attachment_types": [
    "scope",
    "stock",
    "muzzle",
    "extended_mag"
  ],
  "recoil": {
    "pitch": [
      {"time": 0, "value": [1.0, 1.0]},
      {"time": 0.16, "value": [0, 0]}
    ],
    "yaw": [
      {"time": 0, "value": [0.3, 0.3]},
      {"time": 0.16, "value": [0, 0]}
    ]
  },
  "inaccuracy": {
    "stand": 1.25,
    "move": 2.5,
    "sneak": 0.5,
    "lie": 0.25,
    "aim": 0
  }
}